Ante,Conse
['NICETEA 500ML COLD TEA WITH BERRIES PL/Q'],['CHOCOLATE LEMO LIME LIPSTICK KG']
['CHOCOLATE LEMO LIME LIPSTICK KG'],['NICETEA 500ML COLD TEA WITH BERRIES PL/Q']
['RUSSKAYA LEGENDA 0.7LT PREMIUM 40% VODKA'],['FROZEN HAPPY BIRTHDAY SAM SET OF 4']
['FROZEN HAPPY BIRTHDAY SAM SET OF 4'],['RUSSKAYA LEGENDA 0.7LT PREMIUM 40% VODKA']
['CARAMEL BAB. MU-MU/BURENKA KG'],['PRAZACKA 500ML PIVE 4% S/Q']
['PRAZACKA 500ML PIVE 4% S/Q'],['CARAMEL BAB. MU-MU/BURENKA KG']
['KOKAB MUREBBE POT OF 6'],['CANDY VAT FREE! ARAXIS V CARAMEL KG']
['CANDY VAT FREE! ARAXIS V CARAMEL KG'],['KOKAB MUREBBE POT OF 6']
['KERE YAGI MILKLAND 82% KG'],['SUPER FRESH 500GR MIMI BOREK WITH CHEESE']
['SUPER FRESH 500GR MIMI BOREK WITH CHEESE'],['KERE YAGI MILKLAND 82% KG']
['CER. ZENCEFIL DIABET KG'],['CARAMEL ULDUZ COFFONE COFFEE KG']
['CARAMEL ULDUZ COFFONE COFFEE KG'],['CER. ZENCEFIL DIABET KG']
['ICNYA 950GR SOILED SUD 8.5% D/Q'],['PEYMAN 200GR DOR LEO ANTEP FIST WITH SHELL']
['PEYMAN 200GR DOR LEO ANTEP FIST WITH SHELL'],['ICNYA 950GR SOILED SUD 8.5% D/Q']
['ICNYA 950GR SOILED SUD 8.5% D/Q'],['PINAR 420GR KETCHUP ADI PL/Q']
['PINAR 420GR KETCHUP NAME PL/Q'],['ICNYA 950GR SOILED SUD 8.5% D/Q']
['ICNYA 950GR SOILED SUD 8.5% D/Q'],['LEZZET 500GR LAY-LAY WAFFLE NIGHT-DAY']
['LEZZET 500GR LAY-LAY WAFFLE NIGHT-DAY'],['ICNYA 950GR SOILED SUD 8.5% D/Q']
['CONFET AMAREL FUDGE CARAMEL KG'],['GOODVILL 1.5KG SEED TUMBER']
['GOODVILL 1.5KG SEED TUMBER'],['CONFET AMAREL FUDGE CARAMEL KG']
['PENTI 40DEN MICRO GOLF BLACK'],['RAMENSKIY KON.150GR RULET MESE GILEMEVE']
['RAMENSKIY KON.150GR RULET MESE GILEMEVE'],['PENTI 40DEN MICRO GOLF BLACK']
['COREK COREKCI 450GR KOMBE COVDARLI'],['COMET 500ML GEL SPRING TERAVETI']
['COMET 500ML GEL SPRING TERAVETI'],['COREK COREKCI 450GR KOMBE COVDARLI']
['NOBEL 0.5LT MYAQKAYA&ULTRA VODKA'],['DRAJE ELIT SPECIAL KG']
['DRAJE ELIT SPECIAL KG'],['NOBEL 0.5LT MYAQKAYA&ULTRA VODKA']
['TALOSTO 500GR SLOENOE DROJEVOE TESTO'],['CANDY VAT FREE! ARAXIS V CARAMEL KG']
['CANDY VAT FREE! ARAXIS V CARAMEL KG'],['TALOSTO 500GR SLOENOE DROJEVOE TESTO']
['GREEN LIVE WOODEN SPOON'],['LIMONADE 1LT LEMONADE DUSES PL/Q']
['LIMONADE 1LT LEMONADE DUSES PL/Q'],['GREEN LIVE WOODEN SPOON']
['KAI DA GLASS FRUIT BOWL SMALL'],['CHOCOLATE LEMO LIME LIPSTICK KG']
['CHOCOLATE LEMO LIME LIPSTICK KG'],['KAI DA GLASS FRUIT BOWL SMALL']
['LEZZET 500GR LAY-LAY WAFFLE NIGHT-DAY'],['MILKY SIP 30GR JUICY BAR DAILY BANANA']
['MILKY SIP 30GR JUICY BAR DAILY BANANA'],['LEZZET 500GR LAY-LAY WAFFLE NIGHT-DAY']
['PL/Q FOR BAKURIANI 0.33LT SU USAQ'],['RAMENSKIY KON.150GR RULET MESE GILEMEVE']
['RAMENSKIY KON.150GR RULET MESE GILEMEVE'],['PL/Q FOR BAKURIANI 0.33LT SU USAQ']
['CINZANO 750ML SAMPAN PROSECCO'],['OSMANBEYLI 15GR CIRE UYUDULMUS POSET']
['OSMANBEYLI 15GR CIRE UYUDULMUS POSET'],['CINZANO 750ML SAMPAN PROSECCO']
"['DRAJE ELIT SPECIAL KG', 'PAREX FLOOR BOARD+MATPAS GIFT 6.']",['KONFIRELLA 200GR ROLL WITH APRICOT']
"['KONFIRELLA 200GR RULET WITH ERIC', 'PAREX FLOOR BOARD+MATPAS GIFT 6.']",['DRAJE ELIT SPECIAL KG']
"['DRAJE ELIT SPECIAL KG', 'KONFIRELLA 200GR RULET WITH ERIC']",['PAREX FLOOR BOARD+MATPAS GIFT 6.']
['PAREX FLOOR BOARD+MATPAS GIFT 6.'],"['DRAJE ELIT SPECIAL KG', 'KONFIRELLA 200GR RULET WITH ERIC']"
['DRAJE ELIT SPECIAL KG'],"['KONFIRELLA 200GR RULET WITH ERIC', 'PAREX FLOOR BOARD+MATPAS GIFT 6.']"
['KONFIRELLA 200GR ROLL WITH APRICOT'],"['DRAJE ELIT SPECIAL KG', 'PAREX FLOOR BOARD+MATPAS GIFT 6.']"
"['VILO 80ML SHOE PAINT WATERPROOF', 'TANELLI 5KG PASTA BURMA']",['CARAMEL BAB. MU-MU/BURENKA KG']
"['VILO 80ML SHOE PAINT WATERPROOF', 'CARAMEL BAB. MU-MU/BURENKA KG']",['TANELLI 5KG PASTA BURMA']
"['TANELLI 5KG PASTA BURMA', 'CARAMEL BAB. MU-MU/BURENKA KG']",['VILO 80ML SHOE PAINT WATERPROOF']
['VILO 80ML SHOE PAINT WATERPROOF'],"['TANELLI 5KG PASTA BURMA', 'CARAMEL BAB. MU-MU/BURENKA KG']"
['TANELLI 5KG PASTA BURMA'],"['VILO 80ML SHOE PAINT WATERPROOF', 'CARAMEL BAB. MU-MU/BURENKA KG']"
['CARAMEL BAB. MU-MU/BURENKA KG'],"['VILO 80ML SHOE PAINT WATERPROOF', 'TANELLI 5KG PASTA BURMA']"
"['KITCHEN WOODEN GASKET SE-435', 'TOMATO KG']",['SOLEN 28GR BISCOLATA NIRVANA WAFFLE CHOCOLATE']
"['KITCHEN WOODEN CUP SE-435', 'SOLEN 28GR BISCOLATA NIRVANA WAFFLE CHOCOLATE']",['TOMATO KG']
"['TOMATO KG', 'SOLEN 28GR BISCOLATA NIRVANA WAFFLE CHOCOLATE']",['KITCHEN WOODEN GASKET SE-435']
['KITCHEN WOODEN GASKET SE-435'],"['TOMATO KG', 'SOLEN 28GR BISCOLATA NIRVANA WAFFLE CHOCOLATE']"
['TOMATO KG'],"['KITCHEN WOODEN CUPS SE-435', 'SOLEN 28GR BISCOLATA NIRVANA WAFFLE CHOCOLATE']"
['SOLEN 28GR BISCOLATA NIRVANA WAFFLE CHOCOLATE'],"['KITCHEN WOODEN GASKET SE-435', 'TOMATO KG']"
"['DELSTER 330ML PIVE NON-ALCOHOLIC PLANT S/Q', 'CASKA HEDIYYE MISKALI']",['KHIRDALAN PREMIUM 0.44L DRAFT PIVE S/Q']
"['DELSTER 330ML PIVE NON-ALCOHOLIC SAFTALI S/Q', 'KHIRDALAN PREMIUM 0.44L DRAFT PIVE S/Q']",['CASKA GIFT MISKALI']
"['CASKA HEDIYYE MISKALI', 'KHIRDALAN PREMIUM 0.44L DRAFT PIVE S/Q']",['DELSTER 330ML PIVE NON-ALCOHOLIC FRUIT S/Q']
['DELSTER 330ML PIVE NON-ALCOHOLIC FRUIT S/Q'],"['CASKA HEDIYYE MISKALI', 'KHIRDALAN PREMIUM 0.44L DRAFT PIVE S/Q']"
['CASKA GIFT MISKALI'],"['DELSTER 330ML PIVE NON-ALCOHOLIC SAFTALI S/Q', 'KHIRDALAN PREMIUM 0.44L DRAFT PIVE S/Q']"
['KHIRDALAN PREMIUM 0.44L DRAFT PIVE S/Q'],"['DELSTER 330ML PIVE NON-ALCOHOLIC PLANT S/Q', 'CASKA HEDIYYE MISKALI']"
"['CASKA HEDIYYE MISKALI', 'KHIRDALAN PREMIUM 0.44L DRAFT PIVE S/Q']",['CANDY VAT FREE! ARAXIS V CARAMEL KG']
"['CASKA HEDIYYE MISKALI', 'CANDY KDV YARCE! ARAXIS V CARAMEL KG']",['KHIRDALAN PREMIUM 0.44L DRAFT PIVE S/Q']
"['KHIRDALAN PREMIUM 0.44L DRAFT PIVE S/Q', 'CANDY KDV YARCE! ARAXIS V CARAMEL KG']",['CASKA GIFT MISKALI']
['CASKA GIFT MISKALI'],"['KHIRDALAN PREMIUM 0.44L DRAFT PIVE S/Q', 'CANDY KDV YARCE! ARAXIS V CARAMEL KG']"
['KHIRDALAN PREMIUM 0.44L DRAFT PIVE S/Q'],"['CASKA HEDIYYE MISKALI', 'CANDY KDV YARCE! ARAXIS V CARAMEL KG']"
['CANDY VAT FREE! ARAXIS V CARAMEL KG'],"['CASKA HEDIYYE MISKALI', 'KHIRDALAN PREMIUM 0.44L DRAFT PIVE S/Q']"
"['DELSTER 330ML PIVE NON-ALCOHOLIC SAFTALI S/Q', 'KHIRDALAN PREMIUM 0.44L DRAFT PIVE S/Q']",['CANDY VAT FREE! ARAXIS V CARAMEL KG']
"['DELSTER 330ML PIVE NON-ALCOHOLIC PLANT S/Q', 'CANDY VAT YARCE! ARAXIS V CARAMEL KG']",['KHIRDALAN PREMIUM 0.44L DRAFT PIVE S/Q']
"['KHIRDALAN PREMIUM 0.44L DRAFT PIVE S/Q', 'CANDY KDV YARCE! ARAXIS V CARAMEL KG']",['DELSTER 330ML PIVE NON-ALCOHOLIC FRUIT S/Q']
['DELSTER 330ML PIVE NON-ALCOHOLIC FRUIT S/Q'],"['KHIRDALAN PREMIUM 0.44L DRAFT PIVE S/Q', 'CANDY KDV YARCE! ARAXIS V CARAMEL KG']"
['KHIRDALAN PREMIUM 0.44L DRAFT PIVE S/Q'],"['DELSTER 330ML PIVE NON-ALCOHOLIC FRUIT S/Q', 'CANDY VAT YARCE! ARAXIS V CARAMEL KG']"
['CANDY VAT FREE! ARAXIS V CARAMEL KG'],"['DELSTER 330ML PIVE NON-ALCOHOLIC SAFTALI S/Q', 'KHIRDALAN PREMIUM 0.44L DRAFT PIVE S/Q']"
"['CER.ZENCEFIL DIABET KG', 'CARAMEL ULDUZ COFFONE COFFEE KG']",['CAM DUYU UZUN.KG']
"['CER.ZENCEFIL DIABET KG', 'CAM DUYU UZUN.KG']",['CARAMEL ULDUZ COFFONE COFFEE KG']
"['CARAMEL ULDUZ COFFONE COFFEE KG', 'CAM DUYU UZUN.KG']",['CER. ZENCEFIL DIABET KG']
['CER. ZENCEFIL DIABET KG'],"['CARAMEL ULDUZ COFFONE COFFEE KG', 'CAM DUYU UZUN.KG']"
['CARAMEL ULDUZ COFFONE COFFEE KG'],"['CER.ZENCEFIL DIABET KG', 'CAM DUYU UZUN.KG']"
['CAM DUYU UZUN.KG'],"['CER.ZENCEFIL DIABET KG', 'CARAMEL ULDUZ COFFONE COFFEE KG']"
"['LAV ROSY CAY SET 12LI', 'MOROSHA 1LT DJERELNA VODKA']",['TOMATO KG']
"['LAV ROSY CAY SET 12LI', 'TOMATO KG']",['MOROSHA 1LT DJERELNA VODKA']
"['MOROSHA 1LT DJERELNA VODKA', 'TOMATO KG']",['LAV ROSY CAY SET 12LI']
['LAV ROSY CAY SET 12LI'],"['MOROSHA 1LT DJERELNA VODKA', 'TOMATO KG']"
['MOROSHA 1LT DJERELNA VODKA'],"['LAV ROSY CAY SET 12LI', 'TOMATO KG']"
['TOMATO KG'],"['LAV ROSY CAY SET 12LI', 'MOROSHA 1LT DJERELNA VODKA']"
"['ICE CREAM HAAGEN DAZS 100GR STRAWBERRY CREAM', 'LYULI-LYULI 0.5LT VODKA']",['OUR TABLE 250GR BURGER SAUCE PL/Q']
"['OUR TABLE 250GR BURGER SAUCE PL/Q', 'LYULI-LYULI 0.5LT VODKA']",['ICE CREAM HAAGEN DAZS 100GR STRAWBERRY CREAM']
"['ICE CREAM HAAGEN DAZS 100GR STRAWBERRY CREAM', 'OUR TABLE 250GR BURGER SAUCE PL/Q']",['LYULI-LYULI 0.5LT VODKA']
['LYULI-LYULI 0.5LT VODKA'],"['ICE CREAM HAAGEN DAZS 100GR STRAWBERRY CREAM', 'OUR TABLE 250GR BURGER SAUCE PL/Q']"
['ICE CREAM HAAGEN DAZS 100GR STRAWBERRY CREAM'],"['OUR TABLE 250GR BURGER SAUCE PL/Q', 'LYULI-LYULI 0.5LT VODKA']"
['OUR TABLE 250GR BURGER SAUCE PL/Q'],"['ICE CREAM HAAGEN DAZS 100GR STRAWBERRY CREAM', 'LYULI-LYULI 0.5LT VODKA']"
"['COREK COREKCI 450GR KOMBE COVDARLI', 'RUSSKAYA LEGENDA 0.7LT PREMIUM 40% VODKA']",['FROZEN HAPPY BIRTHDAY SAM SET OF 4']
"['COREK COREKCI 450GR KOMBE COVDARLI', 'FROZEN HAPPY BIRTHDAY 4-UP SAM SET']",['RUSSKAYA LEGENDA 0.7LT PREMIUM 40% VODKA']
"['RUSSKAYA LEGENDA 0.7LT PREMIUM 40% VODKA', 'FROZEN HAPPY BIRTHDAY SAM SET OF 4']",['COREK COREKCI 450GR KOMBE COVDARLI']
['COREK COREKCI 450GR KOMBE COVDARLI'],"['RUSSKAYA LEGENDA 0.7LT PREMIUM 40% VODKA', 'FROZEN HAPPY BIRTHDAY SAM SET OF 4']"
['RUSSKAYA LEGENDA 0.7LT PREMIUM 40% VODKA'],"['COREK COREKCI 450GR KOMBE COVDARLI', 'FROZEN HAPPY BIRTHDAY 4-UP SAM SET']"
['FROZEN HAPPY BIRTHDAY SAM SET OF 4'],"['COREK COREKCI 450GR KOMBE COVDARLI', 'RUSSKAYA LEGENDA 0.7LT PREMIUM 40% VODKA']"
"['DELSTER 330ML PIVE NON-ALCOHOLIC PLANT S/Q', 'CASKA HEDIYYE MISKALI']",['CANDY VAT FREE! ARAXIS V CARAMEL KG']
"['DELSTER 330ML PIVE NON-ALCOHOLIC PLANT S/Q', 'CANDY VAT YARCE! ARAXIS V CARAMEL KG']",['CASKA GIFT MISKALI']
"['CASKA HEDIYYE MISKALI', 'CANDY KDV YARCE! ARAXIS V CARAMEL KG']",['DELSTER 330ML PIVE NON-ALCOHOLIC FRUIT S/Q']
['DELSTER 330ML PIVE NON-ALCOHOLIC FRUIT S/Q'],"['CASKA HEDIYYE MISKALI', 'CANDY KDV YARCE! ARAXIS V CARAMEL KG']"
['CASKA GIFT MISKALI'],"['DELSTER 330ML PIVE NON-ALCOHOLIC FRUIT S/Q', 'CANDY VAT YARCE! ARAXIS V CARAMEL KG']"
['CANDY VAT FREE! ARAXIS V CARAMEL KG'],"['DELSTER 330ML PIVE NON-ALCOHOLIC PLANT S/Q', 'CASKA HEDIYYE MISKALI']"
"['REBER 500GR ASSORTED CHOCOLATE BOX', 'KITCHEN WOODEN BOX SE-435']",['MAXEL SOTKA 20-LIK']
"['KITCHEN TAKHTA KASIQ SE-435', 'MAXEL SOTKA 20-LIK']",['REBER 500GR ASSORTED CHOCOLATE BOX']
"['REBER 500GR ASSORTED CHOCOLATE BOX', 'MAXEL SOTKA 20']",['KITCHEN WOODEN GASKET SE-435']
['KITCHEN WOODEN GASKET SE-435'],"['REBER 500GR ASSORTED CHOCOLATE BOX', 'MAXEL SOTKA 20']"
['REBER 500GR ASSORTED CHOCOLATE BOX'],"['KITCHEN TAKHTA KASIQ SE-435', 'MAXEL SOTKA 20-LIK']"
['MAXEL SOTKA 20-LIK'],"['REBER 500GR ASSORTED CHOCOLATE BOX', 'KITCHEN WOODEN BOX SE-435']"
"['BACARDI 0.5LT CARTA ORO ROM', 'BON PARI 40GR JUMBLE MIX MARMELADOK POSET']",['MAXEL SOTKA 20-LIK']
"['BACARDI 0.5LT CARTA ORO ROM', 'MAXEL SOTKA 20-LIK']",['BON PARI 40GR JUMBLE MIX MARMELADOK POSET']
"['BON PARI 40GR JUMBLE MIX MARMELADOK POSET', 'MAXEL SOTKA 20-LIK']",['BACARDI 0.5LT CARTA ORO ROM']
['BACARDI 0.5LT CARTA ORO ROM'],"['BON PARI 40GR JUMBLE MIX MARMELADOK POSET', 'MAXEL SOTKA 20-LIK']"
['BON PARI 40GR JUMBLE MIX MARMELADOK POSET'],"['BACARDI 0.5LT CARTA ORO ROM', 'MAXEL SOTKA 20-LIK']"
['MAXEL SOTKA 20-LIK'],"['BACARDI 0.5LT CARTA ORO ROM', 'BON PARI 40GR JUMBLE MIX MARMELADOK POSET']"
"['DELSTER 330ML PIVE NON-ALCOHOLIC PLANT S/Q', 'BICAQ KIVI']",['MAXEL SOTKA 20-LIK']
"['DELSTER 330ML PIVE NON-ALCOHOLIC PLANT S/Q', 'MAXEL SOTKA 20-LIK']",['KNIFE KIVI']
"['MAXEL SOTKA 20-LIK', 'BICAQ KIVI']",['DELSTER 330ML PIVE NON-ALCOHOLIC FRUIT S/Q']
['DELSTER 330ML PIVE NON-ALCOHOLIC FRUIT S/Q'],"['MAXEL SOTKA 20-LIK', 'BICAQ KIVI']"
['KNIFE KIVI'],"['DELSTER 330ML PIVE NON-ALCOHOLIC PLANT S/Q', 'MAXEL SOTKA 20-LIK']"
['MAXEL SOTKA 20-LIK'],"['DELSTER 330ML PIVE NON-ALCOHOLIC PLANT S/Q', 'BICAQ KIVI']"
"['KERE YAGI MILKLAND 82% KG', 'SUPER FRESH 500GR WITH MIMI BOREK CHEESE']",['OUR TABLE 250GR BURGER SAUCE PL/Q']
"['KERE YAGI MILKLAND 82% KG', 'OUR TABLE 250GR BURGER SAUCE PL/Q']",['SUPER FRESH 500GR MIMI BOREK WITH CHEESE']
"['SUPER FRESH 500GR MIMI BOREK WITH CHEESE', 'OUR TABLE 250GR BURGER SAUCE PL/Q']",['KERE YAGI MILKLAND 82% KG']
['KERE YAGI MILKLAND 82% KG'],"['SUPER FRESH 500GR MIMI BOREK WITH CHEESE', 'OUR TABLE 250GR BURGER SAUCE PL/Q']"
['SUPER FRESH 500GR MIMI BOREK WITH CHEESE'],"['KERE YAGI MILKLAND 82% KG', 'OUR TABLE 250GR BURGER SAUCE PL/Q']"
['OUR TABLE 250GR BURGER SAUCE PL/Q'],"['KERE YAGI MILKLAND 82% KG', 'SUPER FRESH 500GR WITH MIMI BOREK CHEESE']"
"['LAV 12 LI CAY SET CORAL DIVA', 'CARAMEL ULDUZ COFFONE COFFEE KG']",['SUNBUL 8AD KABABLIQ LAVAS']
"['LAV 12 LI CAY SET CORAL DIVA', 'SUNBUL 8AD KABABLIQ LAVAS']",['CARAMEL ULDUZ COFFONE COFFEE KG']
"['KARAMEL ULDUZ COFFONE COFFE KG', 'SUNBUL 8AD KABABLIQ LAVAS']",['LAV 12-LI CAY SET CORAL DIVA']
['LAV 12-LI CAY SET CORAL DIVA'],"['KARAMEL ULDUZ COFFONE COFFE KG', 'SUNBUL 8AD KABABLIQ LAVAS']"
['CARAMEL ULDUZ COFFONE COFFEE KG'],"['LAV 12 LI CAY SET CORAL DIVA', 'SUNBUL 8AD KABABLIQ LAVAS']"
['SUNBUL 8AD KABABLIQ LAVAS'],"['LAV 12 LI CAY SET CORAL DIVA', 'KARAMEL ULDUZ COFFONE COFFEE KG']"
"['AVK DOMIOR 420GR WHISKEY CHOCOLATE BOX', 'AZERCAY 100GR BLACK CAY PEKOE DOGMA CAY BOX']",['ZOLOTOE SOLNISKO 1LT SUNFLOWER OIL']
"['AVK DOMIOR 420GR WHISKEY CHOCOLATE BOX', 'ZOLOTOE SOLNISKO 1LT SUNFLOWER OIL']",['AZERCAY 100GR BLACK CAY PEKOE DOGMA CAY BOX']
"['AZERCAY 100GR BLACK CAY PEKOE DOGMA CAY BOX', 'ZOLOTOE SOLNISKO 1LT SUNFLOWER OIL']",['AVK DOMIOR 420GR WHISKEY CHOCOLATE BOX']
['AVK DOMIOR 420GR WHISKEY CHOCOLATE BOX'],"['AZERCAY 100GR BLACK CAY PEKOE DOGMA CAY BOX', 'ZOLOTOE SOLNISKO 1LT SUNFLOWER OIL']"
['AZERCAY 100GR BLACK CAY PEKOE DOGMA CAY BOX'],"['AVK DOMIOR 420GR WHISKEY CHOCOLATE BOX', 'ZOLOTOE SOLNISKO 1LT SUNFLOWER OIL']"
['ZOLOTOE SOLNISKO 1LT SUNFLOWER OIL'],"['AVK DOMIOR 420GR WHISKEY CHOCOLATE BOX', 'AZERCAY 100GR BLACK CAY PEKOE DOGMA CAY BOX']"
"['SAUSAGE FOOD SERVLET 4 THREADS KG', 'MIS.MUS.SUSE COOLING ALCOHOL 500ML']",['PEYMAN 200GR DOR LEO ANTEP FIST WITH SHELL']
"['SAUSAGE FOOD SERVLET 4 THREADS KG', 'PEYMAN 200GR DOR LEO ANTEP FISTI WITH SHELL']",['MIS.MUS.SUSE FOR NASATIR SPIRITLI 500ML']
"['MISS.MUS.SUSE WITH NASATIR SPIRITLI 500ML', 'PEYMAN 200GR DOR LEO ANTEP PISTO WITH SHELL']",['SAUSAGE FOOD SERVLET 4 THREADS KG']
['SAUSAGE FOOD SERVLET 4 THREADS KG'],"['MISS.MUS.SUSE WITH NASATIR SPIRITLI 500ML', 'PEYMAN 200GR DOR LEO ANTEP PISTO WITH SHELL']"
['MIS.MUS.SUSE FOR NASATIR SPIRITLI 500ML'],"['SAUSAGE FOOD SERVLET 4 THREADS KG', 'PEYMAN 200GR DOR LEO ANTEP FISTI WITH SHELL']"
['PEYMAN 200GR DOR LEO ANTEP FIST WITH SHELL'],"['SAUSAGE FOOD SERVLET 4 THREADS KG', 'MIS.MUS.SUSE CUTTING ALCOHOL 500ML']"
"['LAV 12 LI CAY SET CORAL DIVA', 'RUSSKAYA LEGENDA 0.7LT PREMIUM 40% VODKA']",['JAN 50ML STREC']
"['LAV 12 LI CAY SET CORAL DIVA', 'JAN 50ML STREC']",['RUSSKAYA LEGENDA 0.7LT PREMIUM 40% VODKA']
"['RUSSKAYA LEGENDA 0.7LT PREMIUM 40% VODKA', 'JAN 50ML STREC']",['LAV 12-LI CAY SET CORAL DIVA']
['LAV 12-LI CAY SET CORAL DIVA'],"['RUSSKAYA LEGENDA 0.7LT PREMIUM 40% VODKA', 'JAN 50ML STREC']"
['RUSSKAYA LEGENDA 0.7LT PREMIUM 40% VODKA'],"['LAV 12 LI CAY SET CORAL DIVA', 'JAN 50ML STREC']"
['JAN 50ML STREC'],"['LAV 12 LI CAY SET CORAL DIVA', 'RUSSKAYA LEGENDA 0.7LT PREMIUM 40% VODKA']"
"['NID 50GR EDV.PUL PEPPER POSET', 'SUNBUL 8AD KABABLIQ LAVAS']",['CHEESE BMS AG GOAT SALTED KG']
"['NID 50GR EDV.PUL PEPPER POSET', 'CHEESE BMS AG GOAT SALTED KG']",['SUNBUL 8AD KABABLIQ LAVAS']
"['SUNBUL 8AD KABABLIQ LAVAS', 'CHEESE BMS AG GOAT SALTED KG']",['NID 50GR EDV.PUL PEPPER POSET']
['NID 50GR EDV.PUL PEPPER POSET'],"['SUNBUL 8AD KABABLIQ LAVAS', 'CHEESE BMS AG GOAT SALTED KG']"
['SUNBUL 8AD KABABLIQ LAVAS'],"['NID 50GR EDV.PUL PEPPER POSET', 'CHEESE BMS AG GOAT SALTED KG']"
['CHEESE BMS AG GOAT SALTED KG'],"['NID 50GR EDV.PUL PEPPER POSET', 'SUNBUL 8AD KABABLIQ LAVAS']"
"['REBER 500GR ASSORTED CHOCOLATE BOX', 'CHOCOLATE LEMO WITH LIME LIPSTICK KG']",['SWEET 340GR ASSORTED CHOCOLATE BOX YELLOW']
"['REBER 500GR ASSORTED CHOCOLATE BOX', 'SHIRIN 340GR ASSORTED CHOCOLATE BOX YELLOW']",['CHOCOLATE LEMO LIME LIPSTICK KG']
"['SWEET 340GR ASSORTED CHOCOLATE BOX YELLOW', 'CHOCOLATE LEMO LIME LIPSTICK KG']",['REBER 500GR ASSORTED CHOCOLATE BOX']
['REBER 500GR ASSORTED CHOCOLATE BOX'],"['SWEET 340GR ASSORTED CHOCOLATE BOX YELLOW', 'CHOCOLATE LEMO LIME LIPSTICK KG']"
['CHOCOLATE LEMO LIME LIPSTICK KG'],"['REBER 500GR ASSORTED CHOCOLATE BOX', 'SHIRIN 340GR ASSORTED CHOCOLATE BOX YELLOW']"
['SWEET 340GR ASSORTED CHOCOLATE BOX YELLOW'],"['REBER 500GR ASSORTED CHOCOLATE BOX', 'CHOCOLATE LEMO WITH LIME LIPSTICK KG']"
"['PINAR 420GR KETCUP ADI PL/Q', 'BON PARI 75GR JELEBON ZABAVNIY MEDVED']",['CONFET ESCOFFIEL GOLD 011 KG']
"['PINAR 420GR KETCUP ADI PL/Q', 'CONFET ESCOFFIEL GOLD 011 KG']",['BON PARI 75GR JELEBON ZABAVNIY MEDVED']
"['BON PARI 75GR JELEBON ZABAVNIY MEDVED', 'CONFET ESCOFFIEL GOLD 011 KG']",['PINAR 420GR KETCHUP NAME PL/Q']
['PINAR 420GR KETCHUP ADI PL/Q'],"['BON PARI 75GR JELEBON ZABAVNIY MEDVED', 'CONFET ESCOFFIEL GOLD 011 KG']"
['BON PARI 75GR JELEBON ZABAVNIY MEDVED'],"['PINAR 420GR KETCUP ADI PL/Q', 'CONFET ESCOFFIEL GOLD 011 KG']"
['CONFET ESCOFFIEL GOLD 011 KG'],"['PINAR 420GR KETCUP ADI PL/Q', 'BON PARI 75GR JELEBON ZABAVNIY MEDVED']"
"['DELSTER 330ML PIVE NON-ALCOHOLIC S/Q', 'CASKA HEDIYYE MISKALI', 'KHIRDALAN PREMIUM 0.44L DRAFT PIVE S/Q']",['CANDY VAT FREE! ARAXIS V CARAMEL KG']
"['DELSTER 330ML PIVE NON-ALCOHOLIC PLANT S/Q', 'CASKA HEDIYYE MISKALI', 'CANDY VAT FREE! ARAXIS V CARAMEL KG']",['KHIRDALAN PREMIUM 0.44L DRAFT PIVE S/Q']
"['DELSTER 330ML PIVE NON-ALCOHOLIC SAFTALI S/Q', 'KHIRDALAN PREMIUM 0.44L DRAFT PIVE S/Q', 'CONFET VAT YARCE! ARAXIS V CARAMEL KG']",['CASKA GIFT MISKALI']
"['CASKA HEDIYYE MISKALI', 'KHIRDALAN PREMIUM 0.44L DRAFT PIVE S/Q', 'CONFECT KDV YARCE! ARAXIS V CARAMEL KG']",['DELSTER 330ML PIVE NON-ALCOHOLIC FRUIT S/Q']
"['DELSTER 330ML PIVE NON-ALCOHOLIC PLANT S/Q', 'CASKA HEDIYYE MISKALI']","['KHIRDALAN PREMIUM 0.44L DRAFT PIVE S/Q', 'CANDY KDV YARCE! ARAXIS V CARAMEL KG']"
"['DELSTER 330ML PIVE NON-ALCOHOLIC SAFTALI S/Q', 'KHIRDALAN PREMIUM 0.44L DRAFT PIVE S/Q']","['CASKA HEDIYYE MISKALI', 'CANDY KDV YARCE! ARAXIS V CARAMEL KG']"
"['DELSTER 330ML PIVE NON-ALCOHOLIC FRUIT S/Q', 'CANDY VAT YARCE! ARAXIS V CARAMEL KG']","['CASKA HEDIYYE MISKALI', 'KHIRDALAN PREMIUM 0.44L DRAFT PIVE S/Q']"
"['CASKA HEDIYYE MISKALI', 'KHIRDALAN PREMIUM 0.44L DRAFT PIVE S/Q']","['DELSTER 330ML PIVE NON-ALCOHOLIC FRUIT S/Q', 'CANDY VAT YARCE! ARAXIS V CARAMEL KG']"
"['CASKA HEDIYYE MISKALI', 'CANDY KDV YARCE! ARAXIS V CARAMEL KG']","['DELSTER 330ML PIVE NON-ALCOHOLIC SAFTALI S/Q', 'KHIRDALAN PREMIUM 0.44L DRAFT PIVE S/Q']"
"['KHIRDALAN PREMIUM 0.44L DRAFT PIVE S/Q', 'CANDY KDV YARCE! ARAXIS V CARAMEL KG']","['DELSTER 330ML PIVE NON-ALCOHOLIC PLANT S/Q', 'CASKA HEDIYYE MISKALI']"
['DELSTER 330ML PIVE NON-ALCOHOLIC FRUIT S/Q'],"['CASKA HEDIYYE MISKALI', 'KHIRDALAN PREMIUM 0.44L DRAFT PIVE S/Q', 'CONFECT KDV YARCE! ARAXIS V CARAMEL KG']"
['CASKA GIFT MISKALI'],"['DELSTER 330ML PIVE NON-ALCOHOLIC SAFTALI S/Q', 'KHIRDALAN PREMIUM 0.44L DRAFT PIVE S/Q', 'CONFET VAT YARCE! ARAXIS V CARAMEL KG']"
['KHIRDALAN PREMIUM 0.44L DRAFT PIVE S/Q'],"['DELSTER 330ML PIVE NON-ALCOHOLIC PLANT S/Q', 'CASKA HEDIYYE MISKALI', 'CANDY VAT FREE! ARAXIS V CARAMEL KG']"
['CANDY VAT FREE! ARAXIS V CARAMEL KG'],"['DELSTER 330ML PIVE NON-ALCOHOLIC S/Q', 'CASKA HEDIYYE MISKALI', 'KHIRDALAN PREMIUM 0.44L DRAFT PIVE S/Q']"
